Sales_Rep_ID,Sales_Rep_Details
1,Adelaide Nelson
2,Mike Button
3,Jacob Adams
4,William Powell
5,Claire Hammond
6,Elijah Sawyer
7,Abbey Wilkinson
8,Elly Dempsey
9,Alan Squire
10,George Stone
11,Nathan Barclay
12,Josh Ebbs
13,Abdul Driscoll
14,Sebastian Calderwood
15,Isabella Rainford
16,Remy Potts
17,Julia Franks
18,Lana Clarke
19,Juliet Rose
20,Domenic Cameron
21,Ilona Locke
22,Rufus Davies
23,Elise Fenton
24,Freya Poole
25,Hope Callan
26,Cynthia Widdows
27,Matt Thomas
28,Mark James
29,Hope Tait
30,Celia Rodgers
31,Eryn Ashley
32,Iris Mason
33,Martin Gray
34,Eve Thorpe
35,Peter Wright
36,Danny Windsor
37,Matt Dickson
38,Maggie Knott
39,Marina Cox
40,Kurt Cox
41,Marvin Robinson
42,Chadwick Cassidy
43,Carissa Allen
44,Charlize Hardwick
45,Bristol Donovan
46,John Tyler
47,Russel Warden
48,Wendy Oatway
49,Evelynn Goodman
50,Kaylee Hastings
51,Jules Thomson
52,Samara Edley
53,Martin Rogan
54,Josh Rogers
55,Adeline Eyres
56,Chadwick Riley
57,Tom Wood
58,Denny Tobin
59,Sydney Saunders
60,Fred Vallory
61,Gil Norton
62,David Addley
63,Leroy Hammond
64,Domenic Sherry
65,Maia Rosenbloom
66,Audrey Parsons
67,Sofia Lewis
68,Rosa Mason
69,Johnathan Ashley
70,Liv Rust
71,Bernadette Callan
72,Margot Locke
73,Kieth Parsons
74,Daniel Huggins
75,Andrea West
76,Denis Dwyer
77,Cara Morrow
78,Catherine Mcgee
79,Daniel Farrant
80,Barney Andrews
81,Danny Ebden
82,Alba Hunt
83,Jayden Johnson
84,Marvin Griffiths
85,Bob Tyler
86,Nicholas Farrant
87,Nathan Thatcher
88,Sara Harvey
89,Bryce Long
90,Ronald Driscoll
91,Gabriel Simpson
92,Alice Craig
93,Eduardo Williams
94,Joyce Radley
95,Sabrina Benson
96,Danny Drummond
97,Wade Evans
98,Adalie Vane
99,Abdul Saunders
100,Owen Emmott
